op_index,elapsed_s,latency_us,op
0,0.000007,5.881000,get
1,0.000014,1.181000,get
2,0.000015,1.011000,get
3,0.000017,0.899000,get
4,0.000019,1.394000,get
5,0.000020,0.751000,get
6,0.000034,14.196000,put
7,0.000036,1.010000,get
8,0.000037,0.516000,get
9,0.000038,0.795000,get
10,0.000040,1.481000,get
11,0.000041,0.731000,get
12,0.000049,7.805000,put
13,0.000071,20.742000,put
14,0.000080,8.498000,put
15,0.000081,0.780000,get
16,0.000089,7.208000,put
17,0.000091,1.324000,get
18,0.000092,1.110000,get
19,0.000094,1.000000,get
20,0.000095,0.910000,get
21,0.000103,7.741000,put
22,0.000105,0.936000,get
23,0.000106,1.082000,get
24,0.000107,0.519000,get
25,0.000108,0.661000,get
26,0.000109,0.540000,get
27,0.000111,1.300000,get
28,0.000112,0.693000,get
29,0.000113,0.720000,get
30,0.000114,1.005000,get
31,0.000115,0.621000,get
32,0.000117,1.512000,get
33,0.000118,0.803000,get
34,0.000119,0.715000,get
35,0.000120,0.498000,get
36,0.000121,0.469000,get
37,0.000141,19.927000,put
38,0.000150,8.004000,put
39,0.000158,7.094000,put
40,0.000159,0.769000,get
41,0.000161,1.683000,get
42,0.000162,0.471000,get
43,0.000169,7.230000,put
44,0.000171,1.074000,get
45,0.000172,0.489000,get
46,0.000173,0.650000,get
47,0.000174,0.881000,get
48,0.000175,0.468000,get
49,0.000175,0.436000,get
50,0.000194,18.595000,put
51,0.000207,12.260000,put
52,0.000209,0.825000,get
53,0.000209,0.477000,get
54,0.000220,10.671000,put
55,0.000222,1.239000,get
56,0.000230,7.530000,put
57,0.000231,0.542000,get
58,0.000232,1.002000,get
59,0.000234,1.002000,get
60,0.000256,22.027000,put
61,0.000257,0.787000,get
62,0.000259,1.171000,get
63,0.000269,10.155000,put
64,0.000271,0.836000,get
65,0.000272,0.783000,get
66,0.000281,8.299000,put
67,0.000282,1.258000,get
68,0.000283,0.536000,get
69,0.000294,9.911000,put
70,0.000314,19.733000,put
71,0.000316,1.210000,get
72,0.000317,0.505000,get
73,0.000324,7.286000,put
74,0.000326,1.130000,get
75,0.000327,0.579000,get
76,0.000337,9.950000,put
77,0.000339,1.267000,get
78,0.000359,19.084000,put
79,0.000360,0.785000,get
80,0.000368,7.571000,put
81,0.000369,0.869000,get
82,0.000371,1.339000,get
83,0.000372,0.726000,get
84,0.000373,0.611000,get
85,0.000383,9.965000,put
86,0.000385,0.891000,get
87,0.000386,0.947000,get
88,0.000387,0.504000,get
89,0.000388,0.553000,get
90,0.000389,0.484000,get
91,0.000390,1.015000,get
92,0.000391,0.516000,get
93,0.000392,0.557000,get
94,0.000392,0.530000,get
95,0.000394,0.870000,get
96,0.000396,1.783000,get
97,0.000397,0.550000,get
98,0.000398,0.653000,get
99,0.000406,7.465000,put
100,0.000407,0.559000,get
101,0.000409,1.842000,get
102,0.000410,0.529000,get
103,0.000414,0.881000,get
104,0.000415,0.774000,get
105,0.000416,1.062000,get
106,0.000418,0.785000,get
107,0.000419,0.686000,get
108,0.000420,0.563000,get
109,0.000421,0.722000,get
110,0.000422,0.926000,get
111,0.000423,0.520000,get
112,0.000424,1.079000,get
113,0.000425,0.740000,get
114,0.000426,0.698000,get
115,0.000427,0.626000,get
116,0.000428,0.506000,get
117,0.000429,0.505000,get
118,0.000430,0.724000,get
119,0.000431,0.689000,get
120,0.000432,0.856000,get
121,0.000455,22.290000,put
122,0.000464,8.031000,put
123,0.000465,0.683000,get
124,0.000466,0.536000,get
125,0.000467,0.475000,get
126,0.000474,7.161000,put
127,0.000476,1.437000,get
128,0.000477,0.835000,get
129,0.000487,9.863000,put
130,0.000489,0.912000,get
131,0.000508,18.889000,put
132,0.000510,1.216000,get
133,0.000511,0.787000,get
134,0.000519,7.524000,put
135,0.000520,0.760000,get
136,0.000521,0.720000,get
137,0.000522,0.617000,get
138,0.000523,0.547000,get
139,0.000534,9.979000,put
140,0.000542,7.431000,put
141,0.000543,1.140000,get
142,0.000565,21.375000,put
143,0.000566,0.613000,get
144,0.000568,1.141000,get
145,0.000577,8.131000,put
146,0.000578,0.873000,get
147,0.000579,0.781000,get
148,0.000580,0.666000,get
149,0.000581,0.746000,get
150,0.000582,0.591000,get
151,0.000583,0.516000,get
152,0.000590,7.107000,put
153,0.000592,0.790000,get
154,0.000601,9.202000,put
155,0.000603,1.339000,get
156,0.000605,1.506000,get
157,0.000606,0.704000,get
158,0.000607,0.498000,get
159,0.000608,0.716000,get
160,0.000610,1.144000,get
161,0.000610,0.487000,get
162,0.000611,0.587000,get
163,0.000613,1.091000,get
164,0.000633,19.836000,put
165,0.000635,0.928000,get
166,0.000643,7.866000,put
167,0.000645,1.372000,get
168,0.000655,9.652000,put
169,0.000656,0.727000,get
170,0.000664,7.258000,put
171,0.000665,1.024000,get
172,0.000666,0.538000,get
173,0.000668,1.057000,get
174,0.000668,0.504000,get
175,0.000669,0.557000,get
176,0.000691,21.721000,put
177,0.000700,7.912000,put
178,0.000701,0.688000,get
179,0.000702,0.484000,get
180,0.000709,7.042000,put
181,0.000734,24.139000,put
182,0.000743,7.899000,put
183,0.000744,0.792000,get
184,0.000745,0.687000,get
185,0.000746,1.011000,get
186,0.000748,0.841000,get
187,0.000749,0.914000,get
188,0.000750,0.613000,get
189,0.000751,0.774000,get
190,0.000759,7.295000,put
191,0.000769,9.414000,put
192,0.000770,0.923000,get
193,0.000771,0.532000,get
194,0.000792,20.171000,put
195,0.000793,1.199000,get
196,0.000794,0.593000,get
197,0.000802,7.557000,put
198,0.000804,0.773000,get
199,0.000805,0.715000,get
200,0.000806,0.826000,get
201,0.000807,0.692000,get
202,0.000808,1.189000,get
203,0.000809,0.682000,get
204,0.000810,0.698000,get
205,0.000814,0.612000,get
206,0.000824,9.995000,put
207,0.000833,7.595000,put
208,0.000854,20.857000,put
209,0.000856,1.178000,get
210,0.000857,0.507000,get
211,0.000858,0.653000,get
212,0.000858,0.546000,get
213,0.000860,1.258000,get
214,0.000868,7.667000,put
215,0.000869,0.579000,get
216,0.000870,0.467000,get
217,0.000871,0.693000,get
218,0.000878,7.023000,put
219,0.000889,9.693000,put
220,0.000890,1.146000,get
221,0.000910,19.455000,put
222,0.000912,1.054000,get
223,0.000913,0.921000,get
224,0.000914,0.666000,get
225,0.000923,8.156000,put
226,0.000924,0.817000,get
227,0.000925,0.634000,get
228,0.000926,0.667000,get
229,0.000928,1.323000,get
230,0.000928,0.542000,get
231,0.000929,0.502000,get
232,0.000939,9.627000,put
233,0.000940,0.614000,get
234,0.000941,0.447000,get
235,0.000942,0.543000,get
236,0.000943,1.005000,get
237,0.000945,1.800000,get
238,0.000946,0.649000,get
239,0.000947,0.536000,get
240,0.000955,7.447000,put
241,0.000956,0.723000,get
242,0.000957,0.850000,get
243,0.000959,1.320000,get
244,0.000981,21.036000,put
245,0.000983,1.824000,get
246,0.000991,7.621000,put
247,0.000992,0.627000,get
248,0.000993,0.800000,get
249,0.000995,0.752000,get
250,0.001002,6.865000,put
251,0.001003,0.655000,get
252,0.001004,0.834000,get
253,0.001005,0.688000,get
254,0.001006,0.600000,get
255,0.001007,0.560000,get
256,0.001008,0.716000,get
257,0.001009,0.659000,get
258,0.001010,0.468000,get
259,0.001011,1.060000,get
260,0.001021,9.846000,put
261,0.001023,0.750000,get
262,0.001024,0.916000,get
263,0.001025,0.747000,get
264,0.001026,0.913000,get
265,0.001027,0.497000,get
266,0.001028,0.456000,get
267,0.001029,0.658000,get
268,0.001031,1.750000,get
269,0.001051,19.478000,put
270,0.001052,0.642000,get
271,0.001053,0.707000,get
272,0.001054,0.902000,get
273,0.001056,0.893000,get
274,0.001057,0.776000,get
275,0.001058,1.163000,get
276,0.001059,0.710000,get
277,0.001068,7.943000,put
278,0.001078,9.855000,put
279,0.001079,0.630000,get
280,0.001080,0.525000,get
281,0.001081,0.463000,get
282,0.001100,18.807000,put
283,0.001101,0.690000,get
284,0.001103,1.490000,get
285,0.001104,0.904000,get
286,0.001106,0.964000,get
287,0.001121,15.092000,put
288,0.001122,0.675000,get
289,0.001124,0.827000,get
290,0.001125,0.729000,get
291,0.001126,1.192000,get
292,0.001135,8.010000,put
293,0.001136,0.920000,get
294,0.001137,0.620000,get
295,0.001145,7.207000,put
296,0.001146,0.691000,get
297,0.001147,0.535000,get
298,0.001148,0.829000,get
299,0.001167,18.422000,put
300,0.001168,0.557000,get
301,0.001169,0.931000,get
302,0.001171,1.407000,get
303,0.001172,0.957000,get
304,0.001173,0.462000,get
305,0.001174,0.645000,get
306,0.001175,0.674000,get
307,0.001176,0.481000,get
308,0.001179,0.817000,get
309,0.001181,1.006000,get
310,0.001181,0.640000,get
311,0.001183,1.281000,get
312,0.001184,0.536000,get
313,0.001185,0.621000,get
314,0.001186,0.947000,get
315,0.001195,8.091000,put
316,0.001203,7.418000,put
317,0.001204,0.883000,get
318,0.001205,0.815000,get
319,0.001216,10.073000,put
320,0.001217,0.950000,get
321,0.001243,25.586000,put
322,0.001245,0.708000,get
323,0.001246,0.749000,get
324,0.001246,0.434000,get
325,0.001248,1.490000,get
326,0.001249,0.804000,get
327,0.001251,0.986000,get
328,0.001252,0.607000,get
329,0.001253,0.861000,get
330,0.001254,0.480000,get
331,0.001254,0.552000,get
332,0.001255,0.445000,get
333,0.001256,0.861000,get
334,0.001257,0.445000,get
335,0.001258,0.698000,get
336,0.001259,0.952000,get
337,0.001271,10.658000,put
338,0.001279,7.448000,put
339,0.001280,0.870000,get
340,0.001281,0.548000,get
341,0.001282,0.488000,get
342,0.001282,0.476000,get
343,0.001284,1.297000,get
344,0.001292,7.854000,put
345,0.001294,0.838000,get
346,0.001294,0.498000,get
347,0.001296,1.078000,get
348,0.001297,0.845000,get
349,0.001319,21.785000,put
350,0.001321,0.950000,get
351,0.001322,0.914000,get
352,0.001323,0.610000,get
353,0.001331,7.625000,put
354,0.001332,0.623000,get
355,0.001342,8.976000,put
356,0.001343,0.885000,get
357,0.001344,1.125000,get
358,0.001346,0.705000,get
359,0.001347,0.869000,get
360,0.001355,7.606000,put
361,0.001356,0.885000,get
362,0.001357,0.536000,get
363,0.001358,0.737000,get
364,0.001360,0.995000,get
365,0.001361,0.732000,get
366,0.001380,19.339000,put
367,0.001382,1.032000,get
368,0.001383,0.955000,get
369,0.001385,0.806000,get
370,0.001396,11.183000,put
371,0.001404,7.631000,put
372,0.001412,6.805000,put
373,0.001413,1.000000,get
374,0.001414,0.614000,get
375,0.001435,20.566000,put
376,0.001437,0.847000,get
377,0.001438,0.942000,get
378,0.001440,1.146000,get
379,0.001441,0.648000,get
380,0.001441,0.557000,get
381,0.001443,1.128000,get
382,0.001444,0.790000,get
383,0.001446,1.310000,get
384,0.001447,0.858000,get
385,0.001448,0.547000,get
386,0.001449,0.956000,get
387,0.001450,1.048000,get
388,0.001451,0.516000,get
389,0.001452,0.584000,get
390,0.001453,0.816000,get
391,0.001454,0.614000,get
392,0.001463,8.200000,put
393,0.001464,0.598000,get
394,0.001465,0.542000,get
395,0.001475,10.098000,put
396,0.001477,0.930000,get
397,0.001485,7.948000,put
398,0.001486,0.760000,get
399,0.001505,18.463000,put
400,0.001507,0.856000,get
401,0.001507,0.505000,get
402,0.001518,10.045000,put
403,0.001519,1.014000,get
404,0.001521,1.111000,get
405,0.001529,7.693000,put
406,0.001551,21.228000,put
407,0.001552,0.746000,get
408,0.001561,7.945000,put
409,0.001562,0.689000,get
410,0.001566,0.926000,get
411,0.001567,1.162000,get
412,0.001569,1.320000,get
413,0.001577,7.931000,put
414,0.001578,0.724000,get
415,0.001580,0.891000,get
416,0.001581,0.555000,get
417,0.001581,0.507000,get
418,0.001583,1.089000,get
419,0.001591,7.640000,put
420,0.001592,0.671000,get
421,0.001593,0.471000,get
422,0.001594,0.454000,get
423,0.001595,0.713000,get
424,0.001595,0.467000,get
425,0.001596,0.741000,get
426,0.001597,0.467000,get
427,0.001598,0.466000,get
428,0.001599,1.134000,get
429,0.001601,1.422000,get
430,0.001602,0.615000,get
431,0.001604,0.869000,get
432,0.001604,0.625000,get
433,0.001605,0.500000,get
434,0.001606,0.685000,get
435,0.001607,0.823000,get
436,0.001630,22.376000,put
437,0.001639,7.979000,put
438,0.001649,9.183000,put
439,0.001650,0.994000,get
440,0.001651,0.498000,get
441,0.001659,7.468000,put
442,0.001661,1.236000,get
443,0.001663,1.424000,get
444,0.001664,0.784000,get
445,0.001665,0.561000,get
446,0.001666,0.633000,get
447,0.001667,1.278000,get
448,0.001668,0.485000,get
449,0.001669,0.842000,get
450,0.001671,0.838000,get
451,0.001671,0.495000,get
452,0.001673,1.181000,get
453,0.001674,0.647000,get
454,0.001675,0.623000,get
455,0.001676,0.551000,get
456,0.001676,0.492000,get
457,0.001677,0.482000,get
458,0.001697,19.123000,put
459,0.001707,9.765000,put
460,0.001709,0.942000,get
461,0.001716,7.425000,put
462,0.001718,0.594000,get
463,0.001719,0.901000,get
464,0.001720,0.482000,get
465,0.001721,0.718000,get
466,0.001728,7.430000,put
467,0.001730,0.612000,get
468,0.001731,0.787000,get
469,0.001732,1.159000,get
470,0.001733,0.705000,get
471,0.001734,0.847000,get
472,0.001759,24.341000,put
473,0.001760,0.674000,get
474,0.001762,1.019000,get
475,0.001763,0.770000,get
476,0.001771,7.594000,put
477,0.001773,1.189000,get
478,0.001783,10.253000,put
479,0.001785,0.829000,get
480,0.001786,0.740000,get
481,0.001787,0.875000,get
482,0.001788,0.669000,get
483,0.001789,0.852000,get
484,0.001790,0.576000,get
485,0.001798,8.023000,put
486,0.001800,0.740000,get
487,0.001802,1.433000,get
488,0.001821,18.661000,put
489,0.001822,0.692000,get
490,0.001832,9.679000,put
491,0.001834,1.030000,get
492,0.001835,0.977000,get
493,0.001836,0.543000,get
494,0.001837,1.037000,get
495,0.001838,0.788000,get
496,0.001840,1.375000,get
497,0.001841,0.491000,get
498,0.001842,0.491000,get
499,0.001843,0.568000,get
500,0.001851,7.806000,put
501,0.001852,0.625000,get
502,0.001853,1.076000,get
503,0.001861,7.210000,put
504,0.001882,20.943000,put
505,0.001884,0.679000,get
506,0.001884,0.435000,get
507,0.001886,1.008000,get
508,0.001887,0.820000,get
509,0.001888,0.829000,get
510,0.001889,0.521000,get
511,0.001890,0.715000,get
512,0.001891,0.480000,get
513,0.001902,8.352000,put
514,0.001912,9.503000,put
515,0.001913,1.118000,get
516,0.001915,1.184000,get
517,0.001935,19.220000,put
518,0.001943,7.969000,put
519,0.001945,1.071000,get
520,0.001946,0.529000,get
521,0.001947,0.740000,get
522,0.001948,0.496000,get
523,0.001949,0.770000,get
524,0.001950,1.049000,get
525,0.001951,0.537000,get
526,0.001952,0.949000,get
527,0.001953,0.731000,get
528,0.001954,0.726000,get
529,0.001956,0.931000,get
530,0.001957,0.661000,get
531,0.001957,0.569000,get
532,0.001958,0.651000,get
533,0.001959,0.604000,get
534,0.001961,0.893000,get
535,0.001962,0.930000,get
536,0.001972,9.734000,put
537,0.001973,0.757000,get
538,0.001975,0.996000,get
539,0.001983,8.017000,put
540,0.001985,0.966000,get
541,0.001986,0.734000,get
542,0.001987,1.028000,get
543,0.001988,0.838000,get
544,0.002008,19.205000,put
545,0.002019,10.157000,put
546,0.002020,0.848000,get
547,0.002021,0.700000,get
548,0.002022,0.851000,get
549,0.002023,0.731000,get
550,0.002024,0.721000,get
551,0.002026,0.893000,get
552,0.002034,8.043000,put
553,0.002036,1.137000,get
554,0.002046,10.226000,put
555,0.002067,19.599000,put
556,0.002068,0.728000,get
557,0.002069,1.136000,get
558,0.002070,0.759000,get
559,0.002072,0.975000,get
560,0.002072,0.534000,get
561,0.002073,0.507000,get
562,0.002075,1.100000,get
563,0.002075,0.521000,get
564,0.002076,0.511000,get
565,0.002085,8.418000,put
566,0.002087,1.089000,get
567,0.002087,0.494000,get
568,0.002089,0.867000,get
569,0.002090,0.952000,get
570,0.002091,0.844000,get
571,0.002092,0.511000,get
572,0.002103,10.633000,put
573,0.002105,0.943000,get
574,0.002106,1.180000,get
575,0.002107,0.864000,get
576,0.002108,0.514000,get
577,0.002109,0.788000,get
578,0.002111,0.836000,get
579,0.002112,0.696000,get
580,0.002113,0.673000,get
581,0.002114,0.848000,get
582,0.002115,0.574000,get
583,0.002117,1.643000,get
584,0.002118,0.596000,get
585,0.002118,0.481000,get
586,0.002120,0.785000,get
587,0.002121,1.335000,get
588,0.002123,0.916000,get
589,0.002124,0.578000,get
590,0.002132,8.122000,put
591,0.002134,1.032000,get
592,0.002135,0.914000,get
593,0.002154,18.818000,put
594,0.002165,10.256000,put
595,0.002166,0.832000,get
596,0.002174,7.597000,put
597,0.002185,9.809000,put
598,0.002186,0.781000,get
599,0.002187,0.701000,get
600,0.002188,1.017000,get
601,0.002190,0.867000,get
602,0.002192,1.585000,get
603,0.002212,20.323000,put
604,0.002214,1.083000,get
605,0.002216,1.415000,get
606,0.002217,0.522000,get
607,0.002225,7.943000,put
608,0.002237,11.010000,put
609,0.002238,0.664000,get
610,0.002247,8.887000,put
611,0.002277,29.649000,put
612,0.002278,0.772000,get
613,0.002280,1.135000,get
614,0.002294,13.540000,put
615,0.002298,1.034000,get
616,0.002299,0.999000,get
617,0.002300,1.032000,get
618,0.002302,1.206000,get
619,0.002303,1.048000,get
620,0.002304,0.768000,get
621,0.002305,0.675000,get
622,0.002307,1.168000,get
623,0.002317,9.803000,put
624,0.002346,28.073000,put
625,0.002348,1.203000,get
626,0.002349,0.861000,get
627,0.002358,8.213000,put
628,0.002359,0.681000,get
629,0.002366,7.270000,put
630,0.002368,0.607000,get
631,0.002369,1.016000,get
632,0.002370,0.748000,get
633,0.002371,0.538000,get
634,0.002372,1.222000,get
635,0.002373,0.508000,get
636,0.002374,0.659000,get
637,0.002375,0.548000,get
638,0.002385,9.975000,put
639,0.002387,1.023000,get
640,0.002388,0.713000,get
641,0.002389,0.587000,get
642,0.002409,19.524000,put
643,0.002410,1.114000,get
644,0.002412,1.046000,get
645,0.002420,8.159000,put
646,0.002422,1.121000,get
647,0.002432,9.493000,put
648,0.002440,7.832000,put
649,0.002442,0.858000,get
650,0.002443,0.984000,get
651,0.002444,0.479000,get
652,0.002445,0.890000,get
653,0.002446,0.751000,get
654,0.002448,1.267000,get
655,0.002448,0.477000,get
656,0.002450,0.791000,get
657,0.002450,0.464000,get
658,0.002452,1.450000,get
659,0.002453,0.456000,get
660,0.002454,0.647000,get
661,0.002456,1.318000,get
662,0.002456,0.455000,get
663,0.002458,0.970000,get
664,0.002459,0.696000,get
665,0.002461,1.762000,get
666,0.002462,0.734000,get
667,0.002463,0.800000,get
668,0.002464,0.545000,get
669,0.002465,0.605000,get
670,0.002466,0.719000,get
671,0.002486,19.886000,put
672,0.002487,0.778000,get
673,0.002498,10.404000,put
674,0.002500,0.936000,get
675,0.002501,0.813000,get
676,0.002502,0.752000,get
677,0.002503,0.642000,get
678,0.002503,0.481000,get
679,0.002504,0.599000,get
680,0.002506,1.122000,get
681,0.002507,0.462000,get
682,0.002507,0.628000,get
683,0.002509,0.962000,get
684,0.002510,0.980000,get
685,0.002512,1.111000,get
686,0.002513,0.921000,get
687,0.002514,0.495000,get
688,0.002515,0.705000,get
689,0.002523,8.074000,put
690,0.002533,9.236000,put
691,0.002553,19.054000,put
692,0.002561,7.323000,put
693,0.002562,1.033000,get
694,0.002563,0.551000,get
695,0.002564,0.509000,get
696,0.002565,0.717000,get
697,0.002566,0.724000,get
698,0.002567,0.502000,get
699,0.002568,0.940000,get
700,0.002569,0.500000,get
701,0.002570,0.967000,get
702,0.002571,0.841000,get
703,0.002572,0.498000,get
704,0.002574,1.087000,get
705,0.002584,9.833000,put
706,0.002585,0.625000,get
707,0.002586,0.507000,get
708,0.002587,1.247000,get
709,0.002588,0.523000,get
710,0.002589,0.768000,get
711,0.002598,7.750000,put
712,0.002599,0.685000,get
713,0.002600,0.821000,get
714,0.002601,0.507000,get
715,0.002602,0.767000,get
716,0.002603,0.829000,get
717,0.002626,19.796000,put
718,0.002636,9.797000,put
719,0.002637,0.632000,get
720,0.002645,7.168000,put
721,0.002647,1.334000,get
722,0.002647,0.506000,get
723,0.002649,0.936000,get
724,0.002650,0.472000,get
725,0.002660,10.266000,put
726,0.002662,1.021000,get
727,0.002663,0.563000,get
728,0.002682,19.244000,put
729,0.002683,0.624000,get
730,0.002685,1.135000,get
731,0.002686,0.850000,get
732,0.002687,0.690000,get
733,0.002688,0.453000,get
734,0.002689,0.861000,get
735,0.002697,7.877000,put
736,0.002698,0.686000,get
737,0.002699,0.718000,get
738,0.002710,10.154000,put
739,0.002711,0.704000,get
740,0.002712,0.752000,get
741,0.002714,1.065000,get
742,0.002715,0.519000,get
743,0.002715,0.473000,get
744,0.002717,1.172000,get
745,0.002718,0.856000,get
746,0.002719,0.589000,get
747,0.002721,1.132000,get
748,0.002729,8.220000,put
749,0.002732,1.643000,get
750,0.002732,0.507000,get
751,0.002753,19.963000,put
752,0.002754,0.765000,get
753,0.002755,0.465000,get
754,0.002756,0.473000,get
755,0.002766,9.961000,put
756,0.002767,0.972000,get
757,0.002768,0.450000,get
758,0.002769,0.738000,get
759,0.002770,0.470000,get
760,0.002772,1.236000,get
761,0.002780,8.098000,put
762,0.002781,0.604000,get
763,0.002806,24.329000,put
764,0.002807,0.990000,get
765,0.002815,7.727000,put
766,0.002823,7.013000,put
767,0.002834,10.078000,put
768,0.002836,1.271000,get
769,0.002837,0.817000,get
770,0.002859,21.727000,put
771,0.002860,0.679000,get
772,0.002861,0.765000,get
773,0.002871,9.449000,put
774,0.002872,0.667000,get
775,0.002874,1.180000,get
776,0.002884,9.721000,put
777,0.002885,1.036000,get
778,0.002894,7.952000,put
779,0.002896,2.028000,get
780,0.002919,21.972000,put
781,0.002929,9.681000,put
782,0.002931,1.216000,get
783,0.002932,0.487000,get
784,0.002932,0.487000,get
785,0.002934,1.174000,get
786,0.002942,7.896000,put
787,0.002944,1.108000,get
788,0.002945,0.731000,get
789,0.002956,10.107000,put
790,0.002957,0.905000,get
791,0.002958,1.114000,get
792,0.002978,19.207000,put
793,0.002980,1.119000,get
794,0.002981,0.686000,get
795,0.002982,0.515000,get
796,0.002982,0.508000,get
797,0.002991,8.038000,put
798,0.002992,0.994000,get
799,0.002994,1.242000,get
800,0.003004,9.622000,put
801,0.003012,7.173000,put
802,0.003014,1.294000,get
803,0.003015,0.556000,get
804,0.003016,0.747000,get
805,0.003038,22.211000,put
806,0.003040,1.333000,get
807,0.003041,0.487000,get
808,0.003042,0.702000,get
809,0.003043,0.680000,get
810,0.003044,0.474000,get
811,0.003045,0.598000,get
812,0.003046,0.616000,get
813,0.003047,1.335000,get
814,0.003048,0.480000,get
815,0.003049,0.934000,get
816,0.003051,0.956000,get
817,0.003052,0.956000,get
818,0.003053,0.659000,get
819,0.003054,0.905000,get
820,0.003057,0.799000,get
821,0.003058,0.451000,get
822,0.003067,8.144000,put
823,0.003068,0.631000,get
824,0.003069,1.148000,get
825,0.003070,0.882000,get
826,0.003072,1.122000,get
827,0.003073,0.563000,get
828,0.003074,0.538000,get
829,0.003074,0.434000,get
830,0.003082,7.616000,put
831,0.003084,0.860000,get
832,0.003094,10.059000,put
833,0.003096,1.350000,get
834,0.003116,19.124000,put
835,0.003117,1.017000,get
836,0.003125,7.695000,put
837,0.003127,0.866000,get
838,0.003128,0.533000,get
839,0.003128,0.492000,get
840,0.003129,0.792000,get
841,0.003131,1.144000,get
842,0.003132,0.886000,get
843,0.003143,10.836000,put
844,0.003145,0.971000,get
845,0.003146,0.468000,get
846,0.003166,19.622000,put
847,0.003168,1.470000,get
848,0.003169,0.851000,get
849,0.003180,10.853000,put
850,0.003182,1.461000,get
851,0.003183,0.490000,get
852,0.003184,0.764000,get
853,0.003186,1.507000,get
854,0.003187,0.600000,get
855,0.003189,1.305000,get
856,0.003197,8.040000,put
857,0.003199,1.202000,get
858,0.003200,0.509000,get
859,0.003200,0.466000,get
860,0.003201,0.485000,get
861,0.003202,0.646000,get
862,0.003204,1.230000,get
863,0.003207,2.223000,get
864,0.003209,1.382000,get
865,0.003209,0.634000,get
866,0.003210,0.445000,get
867,0.003212,0.937000,get
868,0.003224,11.995000,put
869,0.003226,1.128000,get
870,0.003226,0.445000,get
871,0.003227,0.669000,get
872,0.003251,23.709000,put
873,0.003253,1.181000,get
874,0.003255,1.401000,get
875,0.003256,1.009000,get
876,0.003258,0.886000,get
877,0.003259,0.734000,get
878,0.003259,0.457000,get
879,0.003260,0.644000,get
880,0.003261,0.445000,get
881,0.003262,1.017000,get
882,0.003271,7.952000,put
883,0.003273,1.243000,get
884,0.003274,1.101000,get
885,0.003282,7.400000,put
886,0.003283,0.682000,get
887,0.003284,0.807000,get
888,0.003294,9.103000,put
889,0.003296,1.356000,get
890,0.003297,0.822000,get
891,0.003320,22.471000,put
892,0.003322,1.280000,get
893,0.003330,7.898000,put
894,0.003340,9.555000,put
895,0.003342,1.229000,get
896,0.003350,7.915000,put
897,0.003351,0.647000,get
898,0.003374,22.461000,put
899,0.003376,1.313000,get
900,0.003377,0.536000,get
901,0.003379,1.260000,get
902,0.003380,0.596000,get
903,0.003388,7.646000,put
904,0.003389,1.188000,get
905,0.003390,0.463000,get
906,0.003392,1.461000,get
907,0.003399,7.216000,put
908,0.003401,0.899000,get
909,0.003402,0.546000,get
910,0.003402,0.452000,get
911,0.003404,0.911000,get
912,0.003414,10.150000,put
913,0.003434,19.565000,put
914,0.003436,1.441000,get
915,0.003438,0.818000,get
916,0.003445,7.483000,put
917,0.003448,1.487000,get
918,0.003448,0.494000,get
919,0.003451,2.020000,get
920,0.003452,0.506000,get
921,0.003462,9.937000,put
922,0.003466,1.276000,get
923,0.003474,8.005000,put
924,0.003476,0.981000,get
925,0.003507,30.992000,put
926,0.003509,1.180000,get
927,0.003510,0.518000,get
928,0.003511,1.048000,get
929,0.003521,9.522000,put
930,0.003523,0.940000,get
931,0.003524,0.591000,get
932,0.003525,1.029000,get
933,0.003526,0.462000,get
934,0.003534,7.516000,put
935,0.003535,0.886000,get
936,0.003536,0.520000,get
937,0.003558,21.719000,put
938,0.003560,1.400000,get
939,0.003562,1.231000,get
940,0.003571,8.638000,put
941,0.003573,1.356000,get
942,0.003575,1.404000,get
943,0.003576,0.916000,get
944,0.003577,0.589000,get
945,0.003578,0.986000,get
946,0.003580,1.146000,get
947,0.003581,0.905000,get
948,0.003582,0.978000,get
949,0.003583,0.467000,get
950,0.003584,0.781000,get
951,0.003585,0.805000,get
952,0.003587,1.110000,get
953,0.003588,0.560000,get
954,0.003596,8.191000,put
955,0.003607,10.140000,put
956,0.003608,0.952000,get
957,0.003611,2.047000,get
958,0.003631,20.032000,put
959,0.003633,0.764000,get
960,0.003634,1.285000,get
961,0.003635,0.586000,get
962,0.003637,1.657000,get
963,0.003648,10.296000,put
964,0.003649,0.652000,get
965,0.003650,0.450000,get
966,0.003651,1.223000,get
967,0.003659,7.330000,put
968,0.003661,1.543000,get
969,0.003662,0.614000,get
970,0.003663,0.450000,get
971,0.003664,1.084000,get
972,0.003666,1.294000,get
973,0.003667,0.745000,get
974,0.003669,1.211000,get
975,0.003676,7.440000,put
976,0.003678,0.982000,get
977,0.003679,1.060000,get
978,0.003681,1.234000,get
979,0.003682,1.218000,get
980,0.003683,0.703000,get
981,0.003685,0.984000,get
982,0.003686,0.526000,get
983,0.003687,1.168000,get
984,0.003688,0.627000,get
985,0.003710,21.433000,put
986,0.003712,0.948000,get
987,0.003713,0.733000,get
988,0.003714,1.133000,get
989,0.003715,0.818000,get
990,0.003716,0.597000,get
991,0.003718,1.223000,get
992,0.003719,0.791000,get
993,0.003720,1.160000,get
994,0.003721,0.505000,get
995,0.003723,1.473000,get
996,0.003724,0.495000,get
997,0.003725,0.733000,get
998,0.003726,0.742000,get
999,0.003727,0.876000,get
1000,0.003736,8.187000,put
1001,0.003737,1.192000,get
1002,0.003738,0.612000,get
1003,0.003740,1.418000,get
1004,0.003741,0.788000,get
1005,0.003750,7.994000,put
1006,0.003752,1.376000,get
1007,0.003753,0.764000,get
1008,0.003754,0.668000,get
1009,0.003755,0.505000,get
1010,0.003764,9.438000,put
1011,0.003766,0.678000,get
1012,0.003767,0.662000,get
1013,0.003768,1.128000,get
1014,0.003770,0.984000,get
1015,0.003790,19.788000,put
1016,0.003801,10.033000,put
1017,0.003802,0.994000,get
1018,0.003803,0.489000,get
1019,0.003804,0.683000,get
1020,0.003805,0.947000,get
1021,0.003806,0.604000,get
1022,0.003814,7.464000,put
1023,0.003815,0.647000,get
1024,0.003822,6.792000,put
1025,0.003827,1.517000,get
1026,0.003828,1.045000,get
1027,0.003830,0.953000,get
1028,0.003830,0.504000,get
1029,0.003832,0.837000,get
1030,0.003858,26.175000,put
1031,0.003860,0.991000,get
1032,0.003862,1.393000,get
1033,0.003863,1.095000,get
1034,0.003864,0.779000,get
1035,0.003865,0.587000,get
1036,0.003866,0.778000,get
1037,0.003867,0.716000,get
1038,0.003868,0.543000,get
1039,0.003877,8.540000,put
1040,0.003879,1.353000,get
1041,0.003880,0.778000,get
1042,0.003882,1.117000,get
1043,0.003883,0.591000,get
1044,0.003883,0.466000,get
1045,0.003884,0.484000,get
1046,0.003885,0.714000,get
1047,0.003887,1.091000,get
1048,0.003887,0.475000,get
1049,0.003896,7.627000,put
1050,0.003897,0.833000,get
1051,0.003898,0.489000,get
1052,0.003907,9.012000,put
1053,0.003909,1.055000,get
1054,0.003928,19.277000,put
1055,0.003930,0.650000,get
1056,0.003931,0.824000,get
1057,0.003932,0.646000,get
1058,0.003934,1.691000,get
1059,0.003935,0.510000,get
1060,0.003936,1.017000,get
1061,0.003947,10.267000,put
1062,0.003948,0.642000,get
1063,0.003950,1.509000,get
1064,0.003957,7.445000,put
1065,0.003959,0.722000,get
1066,0.003960,1.133000,get
1067,0.003962,1.809000,get
1068,0.003964,0.890000,get
1069,0.003964,0.480000,get
1070,0.003966,0.855000,get
1071,0.003966,0.490000,get
1072,0.003968,0.817000,get
1073,0.003968,0.455000,get
1074,0.003969,0.585000,get
1075,0.003988,18.515000,put
1076,0.003990,0.992000,get
1077,0.003992,1.616000,get
1078,0.003992,0.465000,get
1079,0.003994,0.845000,get
1080,0.003995,0.814000,get
1081,0.003996,0.896000,get
1082,0.004007,10.563000,put
1083,0.004008,0.636000,get
1084,0.004016,7.706000,put
1085,0.004017,0.631000,get
1086,0.004018,0.797000,get
1087,0.004020,0.980000,get
1088,0.004027,7.164000,put
1089,0.004048,20.522000,put
1090,0.004050,1.413000,get
1091,0.004051,0.651000,get
1092,0.004052,0.786000,get
1093,0.004053,0.541000,get
1094,0.004054,0.741000,get
1095,0.004055,0.534000,get
1096,0.004057,1.032000,get
1097,0.004059,1.559000,get
1098,0.004059,0.548000,get
1099,0.004060,0.524000,get
1100,0.004061,0.466000,get
1101,0.004062,0.450000,get
1102,0.004063,0.872000,get
1103,0.004064,0.457000,get
1104,0.004066,1.817000,get
1105,0.004075,8.638000,put
1106,0.004085,9.166000,put
1107,0.004087,1.353000,get
1108,0.004088,0.812000,get
1109,0.004089,0.927000,get
1110,0.004090,0.483000,get
1111,0.004098,7.589000,put
1112,0.004117,18.489000,put
1113,0.004128,10.010000,put
1114,0.004129,0.699000,get
1115,0.004130,0.609000,get
1116,0.004132,1.280000,get
1117,0.004133,1.013000,get
1118,0.004134,0.483000,get
1119,0.004135,1.189000,get
1120,0.004136,0.450000,get
1121,0.004144,7.302000,put
1122,0.004145,0.565000,get
1123,0.004146,0.795000,get
1124,0.004148,1.313000,get
1125,0.004149,0.963000,get
1126,0.004150,0.762000,get
1127,0.004154,0.541000,get
1128,0.004155,0.872000,get
1129,0.004156,0.486000,get
1130,0.004157,0.620000,get
1131,0.004158,0.698000,get
1132,0.004159,0.549000,get
1133,0.004160,0.473000,get
1134,0.004168,7.716000,put
1135,0.004169,0.613000,get
1136,0.004170,0.458000,get
1137,0.004171,0.597000,get
1138,0.004171,0.465000,get
1139,0.004172,0.766000,get
1140,0.004173,0.462000,get
1141,0.004175,1.058000,get
1142,0.004175,0.462000,get
1143,0.004176,0.464000,get
1144,0.004198,21.665000,put
1145,0.004201,1.860000,get
1146,0.004202,0.846000,get
1147,0.004203,0.846000,get
1148,0.004212,8.539000,put
1149,0.004213,0.578000,get
1150,0.004214,0.909000,get
1151,0.004215,0.438000,get
1152,0.004216,0.681000,get
1153,0.004217,0.609000,get
1154,0.004218,0.904000,get
1155,0.004219,0.926000,get
1156,0.004220,0.439000,get
1157,0.004221,0.771000,get
1158,0.004223,0.988000,get
1159,0.004224,1.125000,get
1160,0.004225,0.598000,get
1161,0.004226,0.795000,get
1162,0.004228,1.470000,get
1163,0.004229,0.758000,get
1164,0.004230,0.461000,get
1165,0.004231,0.554000,get
1166,0.004232,0.760000,get
1167,0.004241,8.441000,put
1168,0.004251,9.479000,put
1169,0.004252,1.185000,get
1170,0.004254,1.170000,get
1171,0.004255,0.721000,get
1172,0.004256,0.714000,get
1173,0.004257,0.972000,get
1174,0.004278,19.866000,put
1175,0.004288,9.796000,put
1176,0.004289,0.741000,get
1177,0.004290,0.550000,get
1178,0.004291,0.784000,get
1179,0.004292,0.788000,get
1180,0.004294,0.802000,get
1181,0.004294,0.494000,get
1182,0.004295,0.463000,get
1183,0.004296,0.750000,get
1184,0.004297,0.507000,get
1185,0.004298,1.025000,get
1186,0.004300,0.706000,get
1187,0.004301,1.388000,get
1188,0.004302,0.495000,get
1189,0.004303,0.681000,get
1190,0.004313,9.035000,put
1191,0.004314,0.807000,get
1192,0.004315,0.939000,get
1193,0.004316,0.521000,get
1194,0.004317,0.768000,get
1195,0.004319,1.178000,get
1196,0.004320,0.693000,get
1197,0.004321,0.460000,get
1198,0.004322,0.771000,get
1199,0.004323,1.090000,get
1200,0.004324,0.822000,get
1201,0.004325,0.470000,get
1202,0.004327,1.142000,get
1203,0.004328,1.311000,get
1204,0.004330,0.999000,get
1205,0.004331,1.027000,get
1206,0.004332,0.483000,get
1207,0.004340,7.611000,put
1208,0.004341,0.636000,get
1209,0.004342,0.437000,get
1210,0.004342,0.431000,get
1211,0.004364,21.330000,put
1212,0.004366,1.487000,get
1213,0.004367,0.440000,get
1214,0.004368,1.053000,get
1215,0.004370,1.439000,get
1216,0.004379,8.369000,put
1217,0.004381,1.178000,get
1218,0.004382,0.770000,get
1219,0.004383,0.678000,get
1220,0.004384,0.669000,get
1221,0.004392,7.690000,put
1222,0.004393,0.874000,get
1223,0.004404,10.136000,put
1224,0.004406,1.192000,get
1225,0.004407,0.901000,get
1226,0.004408,1.022000,get
1227,0.004409,0.785000,get
1228,0.004410,0.512000,get
1229,0.004436,23.179000,put
1230,0.004437,0.654000,get
1231,0.004448,10.517000,put
1232,0.004456,7.328000,put
1233,0.004476,19.018000,put
1234,0.004478,1.720000,get
1235,0.004479,1.051000,get
1236,0.004480,0.793000,get
1237,0.004482,1.126000,get
1238,0.004483,1.014000,get
1239,0.004484,0.637000,get
1240,0.004485,0.823000,get
1241,0.004487,0.979000,get
1242,0.004488,0.552000,get
1243,0.004489,0.886000,get
1244,0.004490,0.790000,get
1245,0.004501,10.525000,put
1246,0.004502,0.882000,get
1247,0.004503,0.892000,get
1248,0.004505,0.898000,get
1249,0.004506,0.596000,get
1250,0.004506,0.546000,get
1251,0.004515,7.856000,put
1252,0.004516,1.164000,get
1253,0.004517,0.693000,get
1254,0.004519,1.433000,get
1255,0.004527,7.168000,put
1256,0.004529,1.331000,get
1257,0.004530,0.876000,get
1258,0.004531,0.800000,get
1259,0.004532,0.621000,get
1260,0.004533,0.550000,get
1261,0.004534,0.989000,get
1262,0.004535,1.110000,get
1263,0.004536,0.677000,get
1264,0.004538,1.331000,get
1265,0.004539,0.590000,get
1266,0.004540,0.713000,get
1267,0.004541,0.636000,get
1268,0.004542,0.780000,get
1269,0.004564,21.825000,put
1270,0.004566,1.477000,get
1271,0.004567,0.784000,get
1272,0.004568,0.631000,get
1273,0.004577,8.488000,put
1274,0.004579,1.065000,get
1275,0.004580,1.050000,get
1276,0.004581,0.526000,get
1277,0.004620,39.038000,put
1278,0.004623,1.989000,get
1279,0.004625,1.147000,get
1280,0.004626,1.017000,get
1281,0.004627,0.855000,get
1282,0.004637,9.139000,put
1283,0.004638,0.754000,get
1284,0.004639,0.902000,get
1285,0.004640,0.593000,get
1286,0.004641,0.507000,get
1287,0.004643,1.125000,get
1288,0.004643,0.571000,get
1289,0.004663,19.280000,put
1290,0.004665,1.051000,get
1291,0.004665,0.513000,get
1292,0.004668,1.812000,get
1293,0.004669,0.885000,get
1294,0.004670,0.576000,get
1295,0.004671,0.994000,get
1296,0.004672,0.507000,get
1297,0.004673,0.735000,get
1298,0.004674,0.499000,get
1299,0.004675,0.725000,get
1300,0.004676,0.700000,get
1301,0.004676,0.493000,get
1302,0.004678,1.164000,get
1303,0.004679,0.987000,get
1304,0.004680,0.721000,get
1305,0.004681,0.700000,get
1306,0.004683,1.265000,get
1307,0.004685,1.463000,get
1308,0.004686,1.058000,get
1309,0.004687,0.556000,get
1310,0.004688,0.622000,get
1311,0.004689,0.481000,get
1312,0.004690,0.826000,get
1313,0.004691,0.860000,get
1314,0.004692,0.833000,get
1315,0.004704,10.940000,put
1316,0.004713,8.149000,put
1317,0.004714,1.379000,get
1318,0.004716,0.906000,get
1319,0.004717,0.573000,get
1320,0.004718,0.769000,get
1321,0.004719,0.622000,get
1322,0.004719,0.517000,get
1323,0.004721,1.399000,get
1324,0.004722,0.813000,get
1325,0.004724,0.783000,get
1326,0.004725,0.754000,get
1327,0.004725,0.537000,get
1328,0.004734,8.086000,put
1329,0.004737,2.410000,get
1330,0.004759,21.288000,put
1331,0.004762,2.221000,get
1332,0.004773,8.572000,put
1333,0.004783,9.572000,put
1334,0.004784,0.789000,get
1335,0.004785,0.577000,get
1336,0.004786,0.959000,get
1337,0.004787,0.567000,get
1338,0.004788,0.521000,get
1339,0.004789,0.722000,get
1340,0.004790,0.529000,get
1341,0.004799,8.221000,put
1342,0.004800,0.751000,get
1343,0.004819,18.822000,put
1344,0.004821,1.635000,get
1345,0.004823,0.901000,get
1346,0.004833,10.043000,put
1347,0.004835,1.285000,get
1348,0.004836,0.722000,get
1349,0.004844,7.355000,put
1350,0.004845,0.646000,get
1351,0.004846,0.501000,get
1352,0.004854,7.815000,put
1353,0.004855,0.673000,get
1354,0.004856,0.517000,get
1355,0.004877,20.994000,put
1356,0.004879,1.202000,get
1357,0.004880,0.640000,get
1358,0.004888,7.643000,put
1359,0.004889,0.650000,get
1360,0.004891,1.015000,get
1361,0.004891,0.606000,get
1362,0.004893,0.926000,get
1363,0.004894,0.802000,get
1364,0.004895,0.528000,get
1365,0.004896,1.039000,get
1366,0.004906,9.759000,put
1367,0.004908,0.761000,get
1368,0.004909,1.572000,get
1369,0.004911,0.970000,get
1370,0.004912,0.583000,get
1371,0.004931,18.715000,put
1372,0.004932,0.664000,get
1373,0.004934,1.446000,get
1374,0.004935,0.506000,get
1375,0.004936,0.665000,get
1376,0.004937,1.207000,get
1377,0.004938,0.523000,get
1378,0.004946,7.862000,put
1379,0.004956,9.348000,put
1380,0.004957,0.683000,get
1381,0.004958,0.521000,get
1382,0.004959,0.523000,get
1383,0.004967,8.041000,put
1384,0.004969,0.666000,get
1385,0.004970,0.891000,get
1386,0.004993,22.537000,put
1387,0.004994,0.697000,get
1388,0.004995,0.906000,get
1389,0.004997,1.248000,get
1390,0.005007,10.106000,put
1391,0.005009,0.992000,get
1392,0.005010,0.516000,get
1393,0.005018,7.553000,put
1394,0.005020,1.360000,get
1395,0.005029,9.434000,put
1396,0.005031,0.812000,get
1397,0.005032,0.945000,get
1398,0.005033,0.872000,get
1399,0.005053,19.167000,put
1400,0.005054,0.720000,get
1401,0.005056,1.949000,get
1402,0.005057,0.535000,get
1403,0.005058,0.485000,get
1404,0.005059,0.490000,get
1405,0.005060,0.880000,get
1406,0.005061,0.607000,get
1407,0.005062,0.817000,get
1408,0.005063,0.576000,get
1409,0.005064,1.019000,get
1410,0.005066,1.117000,get
1411,0.005067,0.923000,get
1412,0.005068,0.627000,get
1413,0.005069,0.915000,get
1414,0.005070,0.834000,get
1415,0.005078,7.876000,put
1416,0.005080,0.731000,get
1417,0.005081,0.891000,get
1418,0.005082,0.808000,get
1419,0.005083,1.052000,get
1420,0.005092,7.785000,put
1421,0.005093,1.150000,get
1422,0.005094,0.855000,get
1423,0.005095,0.770000,get
1424,0.005097,1.410000,get
1425,0.005098,0.556000,get
1426,0.005099,0.815000,get
1427,0.005100,0.715000,get
1428,0.005102,1.091000,get
1429,0.005103,0.620000,get
1430,0.005103,0.533000,get
1431,0.005113,9.452000,put
1432,0.005114,0.784000,get
1433,0.005116,1.190000,get
1434,0.005138,19.323000,put
1435,0.005149,9.905000,put
1436,0.005151,1.196000,get
1437,0.005151,0.533000,get
1438,0.005153,1.185000,get
1439,0.005154,0.932000,get
1440,0.005155,0.517000,get
1441,0.005157,1.641000,get
1442,0.005165,7.991000,put
1443,0.005167,0.672000,get
1444,0.005168,0.747000,get
1445,0.005169,0.483000,get
1446,0.005169,0.635000,get
1447,0.005170,0.490000,get
1448,0.005171,0.505000,get
1449,0.005172,0.897000,get
1450,0.005173,0.709000,get
1451,0.005174,0.608000,get
1452,0.005175,0.519000,get
1453,0.005183,7.494000,put
1454,0.005184,0.895000,get
1455,0.005186,1.190000,get
1456,0.005187,0.643000,get
1457,0.005188,0.935000,get
1458,0.005189,0.774000,get
1459,0.005191,1.460000,get
1460,0.005192,1.086000,get
1461,0.005194,1.761000,get
1462,0.005195,0.667000,get
1463,0.005196,0.709000,get
1464,0.005197,0.594000,get
1465,0.005198,0.674000,get
1466,0.005200,1.047000,get
1467,0.005222,21.443000,put
1468,0.005232,9.728000,put
1469,0.005234,1.098000,get
1470,0.005235,0.834000,get
1471,0.005245,9.928000,put
1472,0.005247,1.048000,get
1473,0.005248,0.621000,get
1474,0.005249,0.502000,get
1475,0.005250,1.171000,get
1476,0.005258,7.748000,put
1477,0.005260,1.044000,get
1478,0.005279,19.046000,put
1479,0.005281,1.157000,get
1480,0.005282,1.115000,get
1481,0.005283,0.670000,get
1482,0.005284,0.544000,get
1483,0.005286,1.050000,get
1484,0.005297,10.452000,put
1485,0.005299,1.533000,get
1486,0.005300,0.995000,get
1487,0.005301,0.970000,get
1488,0.005303,0.785000,get
1489,0.005304,1.022000,get
1490,0.005305,0.910000,get
1491,0.005306,0.714000,get
1492,0.005315,8.180000,put
1493,0.005317,1.054000,get
1494,0.005318,0.868000,get
1495,0.005319,0.610000,get
1496,0.005320,0.905000,get
1497,0.005321,0.781000,get
1498,0.005322,0.520000,get
1499,0.005323,0.982000,get
1500,0.005324,0.913000,get
1501,0.005325,0.659000,get
1502,0.005326,0.606000,get
1503,0.005327,0.693000,get
1504,0.005329,1.070000,get
1505,0.005330,0.722000,get
1506,0.005331,0.836000,get
1507,0.005351,19.546000,put
1508,0.005352,0.828000,get
1509,0.005353,0.734000,get
1510,0.005364,10.261000,put
1511,0.005372,7.444000,put
1512,0.005382,9.626000,put
1513,0.005384,1.236000,get
1514,0.005385,0.671000,get
1515,0.005387,1.068000,get
1516,0.005387,0.578000,get
1517,0.005388,0.515000,get
1518,0.005389,0.913000,get
1519,0.005390,0.546000,get
1520,0.005391,0.763000,get
1521,0.005392,0.661000,get
1522,0.005394,0.903000,get
1523,0.005395,0.610000,get
1524,0.005397,2.120000,get
1525,0.005416,18.933000,put
1526,0.005424,7.325000,put
1527,0.005426,0.798000,get
1528,0.005436,9.607000,put
1529,0.005444,7.672000,put
1530,0.005446,1.772000,get
1531,0.005448,1.152000,get
1532,0.005449,0.808000,get
1533,0.005469,19.333000,put
1534,0.005471,1.631000,get
1535,0.005472,0.879000,get
1536,0.005473,0.575000,get
1537,0.005486,9.588000,put
1538,0.005487,0.862000,get
1539,0.005488,0.668000,get
1540,0.005489,0.773000,get
1541,0.005490,1.016000,get
1542,0.005491,0.570000,get
1543,0.005499,7.849000,put
1544,0.005501,1.384000,get
1545,0.005502,0.702000,get
1546,0.005513,10.489000,put
1547,0.005515,0.751000,get
1548,0.005516,0.784000,get
1549,0.005517,0.877000,get
1550,0.005519,1.390000,get
1551,0.005520,0.985000,get
1552,0.005521,1.082000,get
1553,0.005523,1.035000,get
1554,0.005524,0.742000,get
1555,0.005547,23.164000,put
1556,0.005556,8.003000,put
1557,0.005558,1.246000,get
1558,0.005559,0.915000,get
1559,0.005560,0.566000,get
1560,0.005570,9.583000,put
1561,0.005579,8.140000,put
1562,0.005582,2.398000,get
1563,0.005601,18.915000,put
1564,0.005612,9.951000,put
1565,0.005614,1.473000,get
1566,0.005615,0.695000,get
1567,0.005617,1.799000,get
1568,0.005618,0.559000,get
1569,0.005619,0.907000,get
1570,0.005621,1.441000,get
1571,0.005630,8.526000,put
1572,0.005631,0.708000,get
1573,0.005632,0.951000,get
1574,0.005633,0.547000,get
1575,0.005634,0.684000,get
1576,0.005635,0.679000,get
1577,0.005645,9.598000,put
1578,0.005647,1.124000,get
1579,0.005648,0.939000,get
1580,0.005650,1.380000,get
1581,0.005651,0.936000,get
1582,0.005652,0.716000,get
1583,0.005676,23.806000,put
1584,0.005678,1.297000,get
1585,0.005680,1.534000,get
1586,0.005682,0.883000,get
1587,0.005683,1.006000,get
1588,0.005684,0.798000,get
1589,0.005692,7.779000,put
1590,0.005703,9.896000,put
1591,0.005704,0.889000,get
1592,0.005705,0.589000,get
1593,0.005706,0.761000,get
1594,0.005708,1.136000,get
1595,0.005709,1.140000,get
1596,0.005710,0.595000,get
1597,0.005711,1.128000,get
1598,0.005720,8.186000,put
1599,0.005740,18.769000,put
1600,0.005741,1.023000,get
1601,0.005751,9.869000,put
1602,0.005753,1.330000,get
1603,0.005755,0.823000,get
1604,0.005757,1.783000,get
1605,0.005765,7.931000,put
1606,0.005766,0.703000,get
1607,0.005787,20.456000,put
1608,0.005790,1.978000,get
1609,0.005791,0.546000,get
1610,0.005792,1.121000,get
1611,0.005794,1.195000,get
1612,0.005802,8.111000,put
1613,0.005803,0.719000,get
1614,0.005805,0.980000,get
1615,0.005806,0.509000,get
1616,0.005807,1.358000,get
1617,0.005808,0.521000,get
1618,0.005809,0.895000,get
1619,0.005811,0.903000,get
1620,0.005812,1.011000,get
1621,0.005813,0.847000,get
1622,0.005814,0.823000,get
1623,0.005816,1.509000,get
1624,0.005817,0.674000,get
1625,0.005819,1.157000,get
1626,0.005820,1.378000,get
1627,0.005821,0.728000,get
1628,0.005822,0.772000,get
1629,0.005824,0.815000,get
1630,0.005825,0.885000,get
1631,0.005833,8.105000,put
1632,0.005835,0.888000,get
1633,0.005836,0.664000,get
1634,0.005837,1.168000,get
1635,0.005847,9.613000,put
1636,0.005867,19.665000,put
1637,0.005869,1.046000,get
1638,0.005870,0.699000,get
1639,0.005874,1.520000,get
1640,0.005875,0.632000,get
1641,0.005877,1.009000,get
1642,0.005878,0.862000,get
1643,0.005886,8.170000,put
1644,0.005888,0.915000,get
1645,0.005889,0.993000,get
1646,0.005899,9.645000,put
1647,0.005907,7.167000,put
1648,0.005908,0.801000,get
1649,0.005909,0.509000,get
1650,0.005910,0.600000,get
1651,0.005911,0.514000,get
1652,0.005912,0.935000,get
1653,0.005913,0.515000,get
1654,0.005915,1.611000,get
1655,0.005916,0.567000,get
1656,0.005917,1.083000,get
1657,0.005918,0.937000,get
1658,0.005919,0.546000,get
1659,0.005921,1.191000,get
1660,0.005922,0.743000,get
1661,0.005944,21.468000,put
1662,0.005953,8.375000,put
1663,0.005954,0.927000,get
1664,0.005956,0.920000,get
1665,0.005958,1.543000,get
1666,0.005959,0.586000,get
1667,0.005960,1.032000,get
1668,0.005961,0.522000,get
1669,0.005962,0.953000,get
1670,0.005963,0.682000,get
1671,0.005964,0.776000,get
1672,0.005966,1.146000,get
1673,0.005974,7.665000,put
1674,0.005982,7.669000,put
1675,0.005984,0.908000,get
1676,0.005985,0.668000,get
1677,0.005986,0.974000,get
1678,0.005987,0.855000,get
1679,0.005988,0.951000,get
1680,0.005990,1.252000,get
1681,0.005991,0.933000,get
1682,0.005993,1.071000,get
1683,0.005994,0.596000,get
1684,0.005995,0.670000,get
1685,0.005996,0.629000,get
1686,0.005997,0.548000,get
1687,0.005997,0.537000,get
1688,0.005999,1.373000,get
1689,0.006001,1.004000,get
1690,0.006022,21.218000,put
1691,0.006024,1.275000,get
1692,0.006025,0.885000,get
1693,0.006026,0.746000,get
1694,0.006028,1.054000,get
1695,0.006029,0.578000,get
1696,0.006030,0.901000,get
1697,0.006031,0.921000,get
1698,0.006033,1.169000,get
1699,0.006034,0.759000,get
1700,0.006035,0.534000,get
1701,0.006036,1.360000,get
1702,0.006037,0.690000,get
1703,0.006039,1.111000,get
1704,0.006047,8.240000,put
1705,0.006049,0.717000,get
1706,0.006058,9.455000,put
1707,0.006060,1.303000,get
1708,0.006062,0.889000,get
1709,0.006069,7.372000,put
1710,0.006072,1.802000,get
1711,0.006073,1.305000,get
1712,0.006074,0.610000,get
1713,0.006077,2.149000,get
1714,0.006078,0.806000,get
1715,0.006101,22.813000,put
1716,0.006103,1.069000,get
1717,0.006114,10.561000,put
1718,0.006115,1.036000,get
1719,0.006116,0.617000,get
1720,0.006117,0.501000,get
1721,0.006118,0.483000,get
1722,0.006119,1.167000,get
1723,0.006120,0.614000,get
1724,0.006122,1.386000,get
1725,0.006130,7.842000,put
1726,0.006131,0.775000,get
1727,0.006133,0.849000,get
1728,0.006134,0.566000,get
1729,0.006135,0.709000,get
1730,0.006136,0.934000,get
1731,0.006137,0.670000,get
1732,0.006138,0.930000,get
1733,0.006139,0.831000,get
1734,0.006140,0.647000,get
1735,0.006141,0.814000,get
1736,0.006142,0.529000,get
1737,0.006143,0.802000,get
1738,0.006154,10.557000,put
1739,0.006174,19.484000,put
1740,0.006182,7.380000,put
1741,0.006187,0.920000,get
1742,0.006188,1.315000,get
1743,0.006190,1.428000,get
1744,0.006191,0.973000,get
1745,0.006192,0.537000,get
1746,0.006193,0.671000,get
1747,0.006204,10.022000,put
1748,0.006205,0.759000,get
1749,0.006224,18.932000,put
1750,0.006226,1.184000,get
1751,0.006229,2.157000,get
1752,0.006230,0.789000,get
1753,0.006231,0.869000,get
1754,0.006232,0.829000,get
1755,0.006233,0.814000,get
1756,0.006234,0.808000,get
1757,0.006244,9.380000,put
1758,0.006246,1.445000,get
1759,0.006247,0.671000,get
1760,0.006249,1.441000,get
1761,0.006259,9.881000,put
1762,0.006261,1.114000,get
1763,0.006262,0.736000,get
1764,0.006263,0.702000,get
1765,0.006264,0.581000,get
1766,0.006272,7.583000,put
1767,0.006273,1.038000,get
1768,0.006274,0.510000,get
1769,0.006296,21.115000,put
1770,0.006298,2.103000,get
1771,0.006300,0.872000,get
1772,0.006300,0.595000,get
1773,0.006302,1.218000,get
1774,0.006303,0.527000,get
1775,0.006312,8.629000,put
1776,0.006313,1.139000,get
1777,0.006315,0.907000,get
1778,0.006316,0.970000,get
1779,0.006318,1.460000,get
1780,0.006319,0.565000,get
1781,0.006320,0.654000,get
1782,0.006321,0.715000,get
1783,0.006322,1.203000,get
1784,0.006323,0.501000,get
1785,0.006324,1.024000,get
1786,0.006332,7.524000,put
1787,0.006342,9.082000,put
1788,0.006343,1.079000,get
1789,0.006345,1.016000,get
1790,0.006346,0.545000,get
1791,0.006347,1.015000,get
1792,0.006348,0.783000,get
1793,0.006368,19.284000,put
1794,0.006376,7.256000,put
1795,0.006377,0.644000,get
1796,0.006378,1.225000,get
1797,0.006380,1.190000,get
1798,0.006381,0.565000,get
1799,0.006382,0.516000,get
1800,0.006383,0.700000,get
1801,0.006384,0.524000,get
1802,0.006385,0.580000,get
1803,0.006386,0.810000,get
1804,0.006387,0.754000,get
1805,0.006388,0.778000,get
1806,0.006389,0.928000,get
1807,0.006390,0.510000,get
1808,0.006391,0.761000,get
1809,0.006393,1.229000,get
1810,0.006394,1.230000,get
1811,0.006395,0.580000,get
1812,0.006396,0.831000,get
1813,0.006398,1.475000,get
1814,0.006399,0.783000,get
1815,0.006400,0.722000,get
1816,0.006401,0.825000,get
1817,0.006403,1.738000,get
1818,0.006405,1.077000,get
1819,0.006406,0.944000,get
1820,0.006407,0.653000,get
1821,0.006408,0.976000,get
1822,0.006410,0.852000,get
1823,0.006411,0.666000,get
1824,0.006412,0.767000,get
1825,0.006422,10.187000,put
1826,0.006431,7.692000,put
1827,0.006432,0.782000,get
1828,0.006433,1.081000,get
1829,0.006455,21.213000,put
1830,0.006456,0.918000,get
1831,0.006458,1.334000,get
1832,0.006459,0.801000,get
1833,0.006460,0.888000,get
1834,0.006462,0.992000,get
1835,0.006463,0.542000,get
1836,0.006463,0.531000,get
1837,0.006472,8.260000,put
1838,0.006474,1.447000,get
1839,0.006475,0.553000,get
1840,0.006476,1.161000,get
1841,0.006478,1.211000,get
1842,0.006479,0.548000,get
1843,0.006487,7.746000,put
1844,0.006492,1.565000,get
1845,0.006494,1.577000,get
1846,0.006495,0.909000,get
1847,0.006496,0.843000,get
1848,0.006498,1.112000,get
1849,0.006508,10.192000,put
1850,0.006510,1.180000,get
1851,0.006511,0.576000,get
1852,0.006531,19.775000,put
1853,0.006533,1.111000,get
1854,0.006534,0.883000,get
1855,0.006536,1.143000,get
1856,0.006537,1.258000,get
1857,0.006538,0.800000,get
1858,0.006540,1.117000,get
1859,0.006541,0.696000,get
1860,0.006542,0.606000,get
1861,0.006543,1.091000,get
1862,0.006544,0.849000,get
1863,0.006546,1.392000,get
1864,0.006547,0.534000,get
1865,0.006548,0.936000,get
1866,0.006549,0.495000,get
1867,0.006550,0.579000,get
1868,0.006551,1.115000,get
1869,0.006552,0.752000,get
1870,0.006554,1.162000,get
1871,0.006555,0.722000,get
1872,0.006556,1.001000,get
1873,0.006557,0.957000,get
1874,0.006558,0.764000,get
1875,0.006560,0.850000,get
1876,0.006561,0.793000,get
1877,0.006562,0.575000,get
1878,0.006563,0.607000,get
1879,0.006564,0.774000,get
1880,0.006565,1.099000,get
1881,0.006574,8.441000,put
1882,0.006584,9.531000,put
1883,0.006586,0.879000,get
1884,0.006586,0.599000,get
1885,0.006588,0.713000,get
1886,0.006589,1.028000,get
1887,0.006597,8.006000,put
1888,0.006599,0.806000,get
1889,0.006601,1.444000,get
1890,0.006602,1.072000,get
1891,0.006624,21.182000,put
1892,0.006626,1.406000,get
1893,0.006634,8.124000,put
1894,0.006636,1.082000,get
1895,0.006637,1.060000,get
1896,0.006638,0.696000,get
1897,0.006639,0.561000,get
1898,0.006647,7.713000,put
1899,0.006649,1.354000,get
1900,0.006650,0.616000,get
1901,0.006652,1.258000,get
1902,0.006653,0.844000,get
1903,0.006678,24.786000,put
1904,0.006680,1.516000,get
1905,0.006681,0.743000,get
1906,0.006683,1.586000,get
1907,0.006685,1.126000,get
1908,0.006686,0.552000,get
1909,0.006694,8.047000,put
1910,0.006695,0.617000,get
1911,0.006696,0.501000,get
1912,0.006704,7.340000,put
1913,0.006705,0.917000,get
1914,0.006716,10.191000,put
1915,0.006718,1.463000,get
1916,0.006719,0.563000,get
1917,0.006720,0.971000,get
1918,0.006721,0.511000,get
1919,0.006740,19.007000,put
1920,0.006742,0.864000,get
1921,0.006743,0.892000,get
1922,0.006744,0.981000,get
1923,0.006755,9.965000,put
1924,0.006763,7.799000,put
1925,0.006764,0.793000,get
1926,0.006765,0.747000,get
1927,0.006773,7.559000,put
1928,0.006775,0.715000,get
1929,0.006776,0.924000,get
1930,0.006798,21.247000,put
1931,0.006806,8.080000,put
1932,0.006808,1.160000,get
1933,0.006818,9.429000,put
1934,0.006819,0.753000,get
1935,0.006820,0.895000,get
1936,0.006829,7.833000,put
1937,0.006830,1.325000,get
1938,0.006831,0.678000,get
1939,0.006833,1.127000,get
1940,0.006834,1.095000,get
1941,0.006836,0.945000,get
1942,0.006837,1.317000,get
1943,0.006839,1.084000,get
1944,0.006841,1.568000,get
1945,0.006842,1.033000,get
1946,0.006865,19.655000,put
1947,0.006866,0.777000,get
1948,0.006867,0.676000,get
1949,0.006869,0.816000,get
1950,0.006870,0.877000,get
1951,0.006871,0.644000,get
1952,0.006872,0.945000,get
1953,0.006873,1.095000,get
1954,0.006881,7.633000,put
1955,0.006892,9.868000,put
1956,0.006893,0.877000,get
1957,0.006901,7.369000,put
1958,0.006902,0.700000,get
1959,0.006904,0.986000,get
1960,0.006905,0.755000,get
1961,0.006906,0.551000,get
1962,0.006906,0.517000,get
1963,0.006908,1.130000,get
1964,0.006930,21.285000,put
1965,0.006932,1.230000,get
1966,0.006934,1.632000,get
1967,0.006935,1.061000,get
1968,0.006944,8.385000,put
1969,0.006945,0.718000,get
1970,0.006946,1.006000,get
1971,0.006948,0.957000,get
1972,0.006949,0.514000,get
1973,0.006957,8.131000,put
1974,0.006967,9.718000,put
1975,0.006969,1.589000,get
1976,0.006971,1.150000,get
1977,0.006991,19.225000,put
1978,0.006992,0.710000,get
1979,0.007001,8.293000,put
1980,0.007002,0.709000,get
1981,0.007003,1.091000,get
1982,0.007004,0.511000,get
1983,0.007005,0.516000,get
1984,0.007008,2.357000,get
1985,0.007018,10.091000,put
1986,0.007027,8.144000,put
1987,0.007028,1.026000,get
1988,0.007029,0.667000,get
1989,0.007031,0.805000,get
1990,0.007032,1.432000,get
1991,0.007033,0.701000,get
1992,0.007035,0.960000,get
1993,0.007036,1.146000,get
1994,0.007038,1.387000,get
1995,0.007061,22.424000,put
1996,0.007063,1.126000,get
1997,0.007063,0.581000,get
1998,0.007072,8.192000,put
1999,0.007073,0.720000,get
